reward_mode,seed,episode,episode_reward
full,0,0,104.16742140054703
full,0,1,104.28811350464821
full,0,2,104.71758477389812
full,0,3,105.16586392000318
full,0,4,105.07679338753223
full,0,5,104.4067717641592
full,0,6,103.65418983995914
full,0,7,103.90885346382856
full,0,8,105.15868037939072
full,0,9,105.2138262912631
full,0,10,102.24940932332538
full,0,11,103.26351746916771
full,0,12,103.28982039354742
full,0,13,102.90380366891623
full,0,14,105.44323907792568
full,0,15,105.4333201944828
full,0,16,105.1917580217123
full,0,17,104.02747735381126
full,0,18,104.64322148635983
full,0,19,103.08998808823526
full,0,20,103.47461941093206
full,0,21,105.56510035693645
full,0,22,103.73867826163769
full,0,23,103.01533976197243
full,0,24,103.56997759640217
full,0,25,103.62203913927078
full,0,26,104.59452375769615
full,0,27,104.9555793851614
full,0,28,104.24425138533115
full,0,29,103.65745763480663
full,0,30,105.77702787518501
full,0,31,104.47438678145409
full,0,32,102.98897494748235
full,0,33,102.02484039962292
full,0,34,105.2258964702487
full,0,35,102.92397924512625
full,0,36,102.22777046635747
full,0,37,104.41920479387045
full,0,38,104.59193211048841
full,0,39,103.9705662727356
full,0,40,102.38317412510514
full,0,41,102.78404902666807
full,0,42,104.4198579788208
full,0,43,103.27373569458723
full,0,44,104.61955707147717
full,0,45,103.27957250922918
full,0,46,104.72017554193735
full,0,47,104.82593600987457
full,0,48,104.51331309974194
full,0,49,101.23451583995484
full,1,0,103.30793885886669
full,1,1,103.74339397251606
full,1,2,104.18992207944393
full,1,3,105.48783664777875
full,1,4,102.40168987214565
full,1,5,104.49903535097837
full,1,6,103.17455731704831
full,1,7,106.29247580468655
full,1,8,103.24148412793875
full,1,9,103.31231402233243
full,1,10,104.05465002730489
full,1,11,104.18523319810629
full,1,12,101.5248700529337
full,1,13,104.91172109544277
full,1,14,105.72089712694287
full,1,15,105.36460798047483
full,1,16,104.57074283435941
full,1,17,103.8948470801115
full,1,18,103.87157894670963
full,1,19,104.51459418609738
full,1,20,104.58276464790106
full,1,21,103.73375295847654
full,1,22,106.18933838605881
full,1,23,105.6751509308815
full,1,24,102.8568439539522
full,1,25,103.91303186863661
full,1,26,102.71694530546665
full,1,27,105.65688383579254
full,1,28,102.57747196406126
full,1,29,105.34338539093733
full,1,30,99.74543765932322
full,1,31,103.36591006815434
full,1,32,101.41363302990794
full,1,33,103.91620802879333
full,1,34,105.60581069253385
full,1,35,104.07180899381638
full,1,36,102.45739022642374
full,1,37,105.13847760856152
full,1,38,104.99270593374968
full,1,39,105.18872349523008
full,1,40,104.4272533506155
full,1,41,104.45581698417664
full,1,42,105.13282071053982
full,1,43,105.92044161260128
full,1,44,104.76494584977627
full,1,45,102.60295009613037
full,1,46,105.38219827413559
full,1,47,104.02804072760046
full,1,48,106.0012593716383
full,1,49,104.79903500527143
sparse,0,0,0.0
sparse,0,1,100.0
sparse,0,2,100.0
sparse,0,3,0.0
sparse,0,4,0.0
sparse,0,5,0.0
sparse,0,6,0.0
sparse,0,7,0.0
sparse,0,8,0.0
sparse,0,9,100.0
sparse,0,10,0.0
sparse,0,11,100.0
sparse,0,12,100.0
sparse,0,13,0.0
sparse,0,14,0.0
sparse,0,15,0.0
sparse,0,16,100.0
sparse,0,17,100.0
sparse,0,18,100.0
sparse,0,19,0.0
sparse,0,20,100.0
sparse,0,21,0.0
sparse,0,22,0.0
sparse,0,23,0.0
sparse,0,24,0.0
sparse,0,25,0.0
sparse,0,26,0.0
sparse,0,27,100.0
sparse,0,28,0.0
sparse,0,29,0.0
sparse,0,30,0.0
sparse,0,31,100.0
sparse,0,32,0.0
sparse,0,33,0.0
sparse,0,34,0.0
sparse,0,35,100.0
sparse,0,36,100.0
sparse,0,37,0.0
sparse,0,38,0.0
sparse,0,39,0.0
sparse,0,40,100.0
sparse,0,41,100.0
sparse,0,42,0.0
sparse,0,43,0.0
sparse,0,44,100.0
sparse,0,45,0.0
sparse,0,46,0.0
sparse,0,47,100.0
sparse,0,48,100.0
sparse,0,49,0.0
sparse,1,0,0.0
sparse,1,1,0.0
sparse,1,2,0.0
sparse,1,3,0.0
sparse,1,4,0.0
sparse,1,5,0.0
sparse,1,6,0.0
sparse,1,7,0.0
sparse,1,8,0.0
sparse,1,9,0.0
sparse,1,10,0.0
sparse,1,11,0.0
sparse,1,12,0.0
sparse,1,13,0.0
sparse,1,14,0.0
sparse,1,15,0.0
sparse,1,16,0.0
sparse,1,17,0.0
sparse,1,18,0.0
sparse,1,19,0.0
sparse,1,20,0.0
sparse,1,21,0.0
sparse,1,22,0.0
sparse,1,23,0.0
sparse,1,24,0.0
sparse,1,25,0.0
sparse,1,26,0.0
sparse,1,27,0.0
sparse,1,28,0.0
sparse,1,29,100.0
sparse,1,30,0.0
sparse,1,31,0.0
sparse,1,32,0.0
sparse,1,33,0.0
sparse,1,34,0.0
sparse,1,35,0.0
sparse,1,36,0.0
sparse,1,37,0.0
sparse,1,38,0.0
sparse,1,39,0.0
sparse,1,40,0.0
sparse,1,41,0.0
sparse,1,42,0.0
sparse,1,43,0.0
sparse,1,44,0.0
sparse,1,45,0.0
sparse,1,46,0.0
sparse,1,47,0.0
sparse,1,48,0.0
sparse,1,49,0.0
no_progress,0,0,98.11264205724001
no_progress,0,1,93.7854083776474
no_progress,0,2,97.217799089849
no_progress,0,3,91.60350997000933
no_progress,0,4,95.75178626179695
no_progress,0,5,93.433652497828
no_progress,0,6,93.4749475941062
no_progress,0,7,98.61573345959187
no_progress,0,8,93.61345379054546
no_progress,0,9,94.05297839641571
no_progress,0,10,96.08836041390896
no_progress,0,11,94.10544361174107
no_progress,0,12,98.91466639190912
no_progress,0,13,91.82265549898148
no_progress,0,14,95.27505560219288
no_progress,0,15,94.73278774321079
no_progress,0,16,96.08324036747217
no_progress,0,17,97.79579090327024
no_progress,0,18,94.17761085927486
no_progress,0,19,96.95497553050518
no_progress,0,20,99.1086263358593
no_progress,0,21,95.89765514433384
no_progress,0,22,92.39098306000233
no_progress,0,23,95.15989300608635
no_progress,0,24,96.5935864597559
no_progress,0,25,97.47379665076733
no_progress,0,26,96.97710485756397
no_progress,0,27,96.10538371652365
no_progress,0,28,94.63961885124445
no_progress,0,29,94.59661004692316
no_progress,0,30,94.93904922902584
no_progress,0,31,95.82779550552368
no_progress,0,32,93.42474364489317
no_progress,0,33,92.98451679944992
no_progress,0,34,94.01410306990147
no_progress,0,35,93.68189954012632
no_progress,0,36,94.24893342703581
no_progress,0,37,95.53647673130035
no_progress,0,38,91.06445457786322
no_progress,0,39,93.08969531953335
no_progress,0,40,95.21171837300062
no_progress,0,41,93.12782619148493
no_progress,0,42,97.85412818938494
no_progress,0,43,98.74340773373842
no_progress,0,44,97.21013239771128
no_progress,0,45,94.06228839606047
no_progress,0,46,93.69420497864485
no_progress,0,47,95.74148012697697
no_progress,0,48,97.51537071913481
no_progress,0,49,97.74666847288609
no_progress,1,0,93.41623277962208
no_progress,1,1,96.15710277855396
no_progress,1,2,98.5430419743061
no_progress,1,3,92.63988733291626
no_progress,1,4,93.01832167059183
no_progress,1,5,93.61669862270355
no_progress,1,6,94.92619501054287
no_progress,1,7,95.37797275185585
no_progress,1,8,98.78141191601753
no_progress,1,9,94.4596641883254
no_progress,1,10,93.64124552160501
no_progress,1,11,95.69731945544481
no_progress,1,12,94.483811609447
no_progress,1,13,97.87610447406769
no_progress,1,14,93.8722702562809
no_progress,1,15,93.8035953193903
no_progress,1,16,92.8478375673294
no_progress,1,17,98.00275801867247
no_progress,1,18,93.94319032877684
no_progress,1,19,94.48145781457424
no_progress,1,20,96.36254791170359
no_progress,1,21,92.61082784831524
no_progress,1,22,95.83596669137478
no_progress,1,23,95.12368502467871
no_progress,1,24,96.42694338411093
no_progress,1,25,89.99008318781853
no_progress,1,26,97.47569762915373
no_progress,1,27,94.86483882367611
no_progress,1,28,91.05422353744507
no_progress,1,29,93.08042861521244
no_progress,1,30,90.21336987614632
no_progress,1,31,96.97939059883356
no_progress,1,32,98.9573171697557
no_progress,1,33,97.45642983913422
no_progress,1,34,96.09372188150883
no_progress,1,35,91.63429398834705
no_progress,1,36,96.79220722615719
no_progress,1,37,94.64348808676004
no_progress,1,38,94.99480921030045
no_progress,1,39,91.98077009618282
no_progress,1,40,91.3796558752656
no_progress,1,41,97.65183760225773
no_progress,1,42,95.20446674525738
no_progress,1,43,94.30619274824858
no_progress,1,44,96.77214270085096
no_progress,1,45,95.97570972144604
no_progress,1,46,97.15142249315977
no_progress,1,47,96.57489278912544
no_progress,1,48,94.82499150931835
no_progress,1,49,94.99821825325489
no_time_penalty,0,0,104.30647945404053
no_time_penalty,0,1,105.20044142007828
no_time_penalty,0,2,105.17703419923782
no_time_penalty,0,3,105.41803419589996
no_time_penalty,0,4,105.51754719018936
no_time_penalty,0,5,105.26185619831085
no_time_penalty,0,6,103.68337512016296
no_time_penalty,0,7,104.3001424074173
no_time_penalty,0,8,105.63032937049866
no_time_penalty,0,9,105.69489723443985
no_time_penalty,0,10,102.71260118484497
no_time_penalty,0,11,103.47206746041775
no_time_penalty,0,12,103.43245726823807
no_time_penalty,0,13,103.33704149723053
no_time_penalty,0,14,105.52941906452179
no_time_penalty,0,15,105.55319547653198
no_time_penalty,0,16,105.53030633926392
no_time_penalty,0,17,103.94454005360603
no_time_penalty,0,18,104.70470029115677
no_time_penalty,0,19,103.63634729385376
no_time_penalty,0,20,103.40286129713058
no_time_penalty,0,21,106.24288207292557
no_time_penalty,0,22,104.28209745883942
no_time_penalty,0,23,103.2642050087452
no_time_penalty,0,24,103.69824653863907
no_time_penalty,0,25,103.99120551347733
no_time_penalty,0,26,104.65262910723686
no_time_penalty,0,27,105.14414989948273
no_time_penalty,0,28,104.40037482976913
no_time_penalty,0,29,103.76694282889366
no_time_penalty,0,30,105.64897948503494
no_time_penalty,0,31,104.66365057229996
no_time_penalty,0,32,103.21617068350315
no_time_penalty,0,33,102.30056104063988
no_time_penalty,0,34,105.64659541845322
no_time_penalty,0,35,103.0979466587305
no_time_penalty,0,36,102.36461162567139
no_time_penalty,0,37,104.80123871564865
no_time_penalty,0,38,105.29302901029587
no_time_penalty,0,39,104.1087444126606
no_time_penalty,0,40,102.47969573736191
no_time_penalty,0,41,103.02170494198799
no_time_penalty,0,42,104.56907325983047
no_time_penalty,0,43,103.44300636649132
no_time_penalty,0,44,104.910435795784
no_time_penalty,0,45,103.45036651194096
no_time_penalty,0,46,105.72758841514587
no_time_penalty,0,47,104.96459019184113
no_time_penalty,0,48,104.70781338214874
no_time_penalty,0,49,101.8732448220253
no_time_penalty,1,0,103.56154829263687
no_time_penalty,1,1,103.8651755452156
no_time_penalty,1,2,104.43722951412201
no_time_penalty,1,3,104.8203756287694
no_time_penalty,1,4,102.52611602842808
no_time_penalty,1,5,104.77212780714035
no_time_penalty,1,6,103.18563884496689
no_time_penalty,1,7,106.48693507909775
no_time_penalty,1,8,103.23015835881233
no_time_penalty,1,9,103.31132653355598
no_time_penalty,1,10,104.10311463475227
no_time_penalty,1,11,104.22094106674194
no_time_penalty,1,12,101.82938796281815
no_time_penalty,1,13,105.18012768030167
no_time_penalty,1,14,105.94358617067337
no_time_penalty,1,15,105.634730219841
no_time_penalty,1,16,-48.65803673490882
no_time_penalty,1,17,103.80121403932571
no_time_penalty,1,18,104.02509051561356
no_time_penalty,1,19,104.48241037130356
no_time_penalty,1,20,104.57367759943008
no_time_penalty,1,21,103.9458757340908
no_time_penalty,1,22,106.35698419809341
no_time_penalty,1,23,105.38837308809161
no_time_penalty,1,24,102.92712858319283
no_time_penalty,1,25,104.14705717563629
no_time_penalty,1,26,102.60979723930359
no_time_penalty,1,27,105.52033668756485
no_time_penalty,1,28,102.76523357629776
no_time_penalty,1,29,105.6483246088028
no_time_penalty,1,30,99.96598690748215
no_time_penalty,1,31,103.39141944050789
no_time_penalty,1,32,101.51531481742859
no_time_penalty,1,33,104.07151299715042
no_time_penalty,1,34,105.52833896875381
no_time_penalty,1,35,104.32629948854446
no_time_penalty,1,36,102.40949529409409
no_time_penalty,1,37,74.01717026159167
no_time_penalty,1,38,105.14798521995544
no_time_penalty,1,39,105.11930656433105
no_time_penalty,1,40,104.93818098306656
no_time_penalty,1,41,104.25029003620148
no_time_penalty,1,42,105.5181702375412
no_time_penalty,1,43,106.26627373695374
no_time_penalty,1,44,104.60268551111221
no_time_penalty,1,45,102.89179253578186
no_time_penalty,1,46,105.56691181659698
no_time_penalty,1,47,104.27838838100433
no_time_penalty,1,48,106.04225146770477
no_time_penalty,1,49,105.18280774354935
distance_only,0,0,-1.8047507666051388
distance_only,0,1,-6.060031536966562
distance_only,0,2,-2.7219985276460648
distance_only,0,3,-8.131287328898907
distance_only,0,4,-4.115371808409691
distance_only,0,5,-6.498995680361986
distance_only,0,6,-6.099630162119865
distance_only,0,7,-1.28811714053154
distance_only,0,8,-6.114709530025721
distance_only,0,9,-5.8421212919056416
distance_only,0,10,-4.248417638242245
distance_only,0,11,-5.707969233393669
distance_only,0,12,-1.011702336370945
distance_only,0,13,-7.5052646324038506
distance_only,0,14,-4.5875742100179195
distance_only,0,15,-4.887604482471943
distance_only,0,16,-3.749555667862296
distance_only,0,17,-2.0642577596008778
distance_only,0,18,-5.547603391110897
distance_only,0,19,-2.8642529044300318
distance_only,0,20,-0.7517454084008932
distance_only,0,21,-3.9616529271006584
distance_only,0,22,-7.417058896273375
distance_only,0,23,-5.077676292508841
distance_only,0,24,-3.27962582744658
distance_only,0,25,-2.5156842097640038
distance_only,0,26,-2.8959659561514854
distance_only,0,27,-3.8812128007411957
distance_only,0,28,-4.902574621140957
distance_only,0,29,-4.871779745444655
distance_only,0,30,-4.959018606692553
distance_only,0,31,-3.9613495599478483
distance_only,0,32,-6.359074886888266
distance_only,0,33,-6.6478440053761005
distance_only,0,34,-5.80806740373373
distance_only,0,35,-6.021563870832324
distance_only,0,36,-5.542572870850563
distance_only,0,37,-4.235645152628422
distance_only,0,38,-8.523499082773924
distance_only,0,39,-6.748404577374458
distance_only,0,40,-4.653501734137535
distance_only,0,41,-6.545572878792882
distance_only,0,42,-2.037099316716194
distance_only,0,43,-1.2016442604362965
distance_only,0,44,-2.7034441884607077
distance_only,0,45,-5.426888668909669
distance_only,0,46,-5.869421970099211
distance_only,0,47,-4.115313431248069
distance_only,0,48,-2.282206431031227
distance_only,0,49,-2.3406235054135323
distance_only,1,0,-6.386832095682621
distance_only,1,1,-3.6545985117554665
distance_only,1,2,-1.3247183002531528
distance_only,1,3,-5.311305524781346
distance_only,1,4,-6.696132656186819
distance_only,1,5,-6.293303273618221
distance_only,1,6,-4.8451924957334995
distance_only,1,7,-4.4579387456178665
distance_only,1,8,-1.1692083850502968
distance_only,1,9,-5.399493616074324
distance_only,1,10,-6.226280998438597
distance_only,1,11,-4.1800449918955564
distance_only,1,12,-5.2741766311228275
distance_only,1,13,-2.113368546590209
distance_only,1,14,-5.643604166805744
distance_only,1,15,-6.005842722952366
distance_only,1,16,-6.96297549828887
distance_only,1,17,-1.7936208508908749
distance_only,1,18,-5.781554710119963
distance_only,1,19,-5.419281464070082
distance_only,1,20,-3.455766849219799
distance_only,1,21,-7.1094093862921
distance_only,1,22,-4.17747350782156
distance_only,1,23,-4.601639453321695
distance_only,1,24,-3.4068770185112953
distance_only,1,25,-9.761842442676425
distance_only,1,26,-2.39559712074697
distance_only,1,27,-4.976546198129654
distance_only,1,28,-8.86366386897862
distance_only,1,29,-6.845132298767567
distance_only,1,30,-9.726708460599184
distance_only,1,31,-2.7527381516993046
distance_only,1,32,-0.952010452747345
distance_only,1,33,-2.481521798297763
distance_only,1,34,-3.9034319445490837
distance_only,1,35,-7.811722654849291
distance_only,1,36,-3.1301613338291645
distance_only,1,37,-4.269990935921669
distance_only,1,38,-4.5522863529622555
distance_only,1,39,-7.9899679981172085
distance_only,1,40,-8.273220624774694
distance_only,1,41,-2.2673536390066147
distance_only,1,42,-4.223507419228554
distance_only,1,43,-5.52184166572988
distance_only,1,44,-2.8809762224555016
distance_only,1,45,-3.8022688198834658
distance_only,1,46,-2.73252285271883
distance_only,1,47,-3.2794297598302364
distance_only,1,48,-5.118753395974636
distance_only,1,49,-4.9704978577792645
